NumThreads,LockType,HoldTimeNanos,MinIdleTimeMics,25PercIdleTimeMics,50PercIdleTimeMics,75PercIdleTimeMics,99PercIdleTimeMics,MaxIdleTimeMics
1,NaiveAggressiveSpinLock,32,0,0,0,0,0,7.59740868905722
1,NaiveAggressiveSpinLock,128,0,0,0,0,0,0.330322116915531
1,NaiveAggressiveSpinLock,512,0,0,0,0,0,0.660644233831063
1,NaiveAggressiveSpinLock,2048,0,0,0,0,0,0
1,NaiveAggressiveSpinLock,8192,0,0,0,0,0,0.660644233831063
2,NaiveAggressiveSpinLock,32,0,0,0,0,0,1.32128846766213
2,NaiveAggressiveSpinLock,128,0,0,0,0,0.330322116915531,10.9006298582125
2,NaiveAggressiveSpinLock,512,0,0,0,0,0,8.58837503980381
2,NaiveAggressiveSpinLock,2048,0,0,0,0,0,0.660644233831063
2,NaiveAggressiveSpinLock,8192,0,0,0,0,0,8.91869715671935
3,NaiveAggressiveSpinLock,32,0,0,0,0,0.330322116915531,1.32128846766213
3,NaiveAggressiveSpinLock,128,0,0,0,0.330322116915531,0.330322116915531,0.990966350746594
3,NaiveAggressiveSpinLock,512,0,0,0,0,0.330322116915531,0.990966350746594
3,NaiveAggressiveSpinLock,2048,0,0,0,0.330322116915531,1.32128846766213,3.63354328607084
3,NaiveAggressiveSpinLock,8192,0,0,0,0.330322116915531,0.990966350746594,10.570307741297
4,NaiveAggressiveSpinLock,32,0,0,0,0.330322116915531,0.660644233831063,10.570307741297
4,NaiveAggressiveSpinLock,128,0,0,0,0.330322116915531,0.330322116915531,0.990966350746594
4,NaiveAggressiveSpinLock,512,0,0,0,0.330322116915531,0.660644233831063,1.65161058457766
4,NaiveAggressiveSpinLock,2048,0,0,0,0.330322116915531,1.65161058457766,6.2761202213951
4,NaiveAggressiveSpinLock,8192,0,0,0,0.330322116915531,1.32128846766213,11.8915962089591
5,NaiveAggressiveSpinLock,32,0,0,0.330322116915531,0.330322116915531,0.660644233831063,3.96386540298638
5,NaiveAggressiveSpinLock,128,0,0,0,0.330322116915531,1.98193270149319,5.94579810447956
5,NaiveAggressiveSpinLock,512,0,0,0.330322116915531,0.330322116915531,1.65161058457766,11.5612740920436
5,NaiveAggressiveSpinLock,2048,0,0,0.330322116915531,0.330322116915531,0.660644233831063,3.30322116915531
5,NaiveAggressiveSpinLock,8192,0,0,0.330322116915531,0.330322116915531,0.990966350746594,12.5522404427902
6,NaiveAggressiveSpinLock,32,0,0,0.330322116915531,0.330322116915531,1.65161058457766,6.2761202213951
6,NaiveAggressiveSpinLock,128,0,0,0,0.330322116915531,1.98193270149319,5.2851538706485
6,NaiveAggressiveSpinLock,512,0,0,0.330322116915531,0.330322116915531,0.990966350746594,2.31225481840872
6,NaiveAggressiveSpinLock,2048,0,0,0,0.330322116915531,2.31225481840872,8.25805292288828
6,NaiveAggressiveSpinLock,8192,0,0,0.330322116915531,0.330322116915531,2.64257693532425,12.8825625597057
7,NaiveAggressiveSpinLock,32,0,0,0.330322116915531,0.330322116915531,2.97289905223978,7.92773080597275
7,NaiveAggressiveSpinLock,128,0,0,0.330322116915531,0.330322116915531,2.64257693532425,6.93676445522616
7,NaiveAggressiveSpinLock,512,0,0,0.330322116915531,0.330322116915531,2.97289905223978,9.90966350746594
7,NaiveAggressiveSpinLock,2048,0,0,0.330322116915531,0.330322116915531,2.97289905223978,8.58837503980381
7,NaiveAggressiveSpinLock,8192,0,0,0.330322116915531,0.330322116915531,1.32128846766213,45.2541300174278
8,NaiveAggressiveSpinLock,32,0,0,0.330322116915531,0.330322116915531,2.31225481840872,7.26708657214169
8,NaiveAggressiveSpinLock,128,0,0,0.330322116915531,0.330322116915531,0.990966350746594,2.31225481840872
8,NaiveAggressiveSpinLock,512,0,0,0.330322116915531,0.330322116915531,1.98193270149319,5.61547598756403
8,NaiveAggressiveSpinLock,2048,0,0,0.330322116915531,0.330322116915531,3.30322116915531,13.8735289104523
8,NaiveAggressiveSpinLock,8192,0,0,0.330322116915531,0.330322116915531,2.64257693532425,12.5522404427902
9,NaiveAggressiveSpinLock,32,0,0,0.330322116915531,0.330322116915531,2.97289905223978,8.58837503980381
9,NaiveAggressiveSpinLock,128,0,0,0.330322116915531,0.330322116915531,2.97289905223978,32.0412453408065
9,NaiveAggressiveSpinLock,512,0,0,0.330322116915531,0.330322116915531,2.64257693532425,6.93676445522616
9,NaiveAggressiveSpinLock,2048,0,0,0.330322116915531,0.330322116915531,2.97289905223978,10.9006298582125
9,NaiveAggressiveSpinLock,8192,0,0,0.330322116915531,0.330322116915531,3.63354328607084,19.8193270149319
10,NaiveAggressiveSpinLock,32,0,0,0.330322116915531,0.330322116915531,3.96386540298638,10.2399856243815
10,NaiveAggressiveSpinLock,128,0,0,0.330322116915531,0.660644233831063,3.63354328607084,27.4167357039891
10,NaiveAggressiveSpinLock,512,0,0,0.330322116915531,0.660644233831063,4.29418751990191,11.5612740920436
10,NaiveAggressiveSpinLock,2048,0,0,0.330322116915531,0.660644233831063,3.96386540298638,17.1767500796076
10,NaiveAggressiveSpinLock,8192,0,0,0.330322116915531,0.330322116915531,4.29418751990191,16.5161058457766
11,NaiveAggressiveSpinLock,32,0,0,0.330322116915531,0.660644233831063,3.96386540298638,9.57934139055041
11,NaiveAggressiveSpinLock,128,0,0,0.330322116915531,0.660644233831063,2.97289905223978,8.25805292288828
11,NaiveAggressiveSpinLock,512,0,0,0.330322116915531,0.660644233831063,3.30322116915531,9.57934139055041
11,NaiveAggressiveSpinLock,2048,0,0,0.330322116915531,0.660644233831063,3.63354328607084,10.570307741297
11,NaiveAggressiveSpinLock,8192,0,0,0.330322116915531,0.660644233831063,3.30322116915531,14.2038510273678
12,NaiveAggressiveSpinLock,32,0,0,0.330322116915531,0.660644233831063,4.29418751990191,10.9006298582125
12,NaiveAggressiveSpinLock,128,0,0.330322116915531,0.330322116915531,0.660644233831063,2.97289905223978,7.26708657214169
12,NaiveAggressiveSpinLock,512,0,0.330322116915531,0.330322116915531,0.660644233831063,3.63354328607084,10.9006298582125
12,NaiveAggressiveSpinLock,2048,0,0.330322116915531,0.330322116915531,0.660644233831063,2.31225481840872,8.25805292288828
12,NaiveAggressiveSpinLock,8192,0,0,0.330322116915531,0.660644233831063,3.96386540298638,15.1948173781144
13,NaiveAggressiveSpinLock,32,0,0.330322116915531,0.330322116915531,0.660644233831063,2.64257693532425,9.90966350746594
13,NaiveAggressiveSpinLock,128,0,0.330322116915531,0.330322116915531,0.660644233831063,2.97289905223978,8.91869715671935
13,NaiveAggressiveSpinLock,512,0,0.330322116915531,0.330322116915531,0.660644233831063,2.31225481840872,6.60644233831063
13,NaiveAggressiveSpinLock,2048,0,0.330322116915531,0.330322116915531,0.660644233831063,2.97289905223978,10.570307741297
13,NaiveAggressiveSpinLock,8192,0,0.330322116915531,0.330322116915531,0.990966350746594,2.64257693532425,14.5341731442834
14,NaiveAggressiveSpinLock,32,0,0.330322116915531,0.330322116915531,0.990966350746594,3.30322116915531,8.58837503980381
14,NaiveAggressiveSpinLock,128,0,0.330322116915531,0.330322116915531,0.660644233831063,2.97289905223978,7.59740868905722
14,NaiveAggressiveSpinLock,512,0,0.330322116915531,0.330322116915531,0.660644233831063,3.63354328607084,8.25805292288828
14,NaiveAggressiveSpinLock,2048,0,0.330322116915531,0.330322116915531,0.990966350746594,2.97289905223978,9.90966350746594
14,NaiveAggressiveSpinLock,8192,0,0.330322116915531,0.330322116915531,0.660644233831063,2.64257693532425,14.8644952611989
15,NaiveAggressiveSpinLock,32,0,0.330322116915531,0.330322116915531,0.990966350746594,3.63354328607084,13.5432067935368
15,NaiveAggressiveSpinLock,128,0,0.330322116915531,0.330322116915531,0.660644233831063,3.30322116915531,11.2309519751281
15,NaiveAggressiveSpinLock,512,0,0.330322116915531,0.330322116915531,0.990966350746594,3.30322116915531,8.25805292288828
15,NaiveAggressiveSpinLock,2048,0,0.330322116915531,0.330322116915531,0.660644233831063,2.97289905223978,11.5612740920436
15,NaiveAggressiveSpinLock,8192,0,0.330322116915531,0.330322116915531,1.32128846766213,4.29418751990191,15.52513949503
16,NaiveAggressiveSpinLock,32,0,0.330322116915531,0.330322116915531,0.990966350746594,3.96386540298638,8.91869715671935
16,NaiveAggressiveSpinLock,128,0,0.330322116915531,0.330322116915531,0.990966350746594,3.63354328607084,9.24901927363488
16,NaiveAggressiveSpinLock,512,0,0.330322116915531,0.330322116915531,0.990966350746594,3.96386540298638,13.8735289104523
16,NaiveAggressiveSpinLock,2048,0,0.330322116915531,0.330322116915531,0.990966350746594,3.96386540298638,11.2309519751281
16,NaiveAggressiveSpinLock,8192,0,0.330322116915531,0.330322116915531,1.32128846766213,3.96386540298638,18.1677164303542
17,NaiveAggressiveSpinLock,32,0,0.330322116915531,0.660644233831063,1.32128846766213,4.29418751990191,14.2038510273678
17,NaiveAggressiveSpinLock,128,0,0.330322116915531,0.330322116915531,0.990966350746594,3.96386540298638,8.25805292288828
17,NaiveAggressiveSpinLock,512,0,0.330322116915531,0.330322116915531,1.32128846766213,4.29418751990191,9.90966350746594
17,NaiveAggressiveSpinLock,2048,0,0.330322116915531,0.660644233831063,1.65161058457766,4.29418751990191,11.5612740920436
17,NaiveAggressiveSpinLock,8192,0,0.330322116915531,0.660644233831063,1.32128846766213,3.96386540298638,21.140615482594
18,NaiveAggressiveSpinLock,32,0,0.330322116915531,0.660644233831063,1.65161058457766,4.95483175373297,28.7380241716512
18,NaiveAggressiveSpinLock,128,0,0.330322116915531,0.660644233831063,1.32128846766213,4.29418751990191,20.4799712487629
18,NaiveAggressiveSpinLock,512,0,0.330322116915531,0.660644233831063,1.32128846766213,4.62450963681744,9.24901927363488
18,NaiveAggressiveSpinLock,2048,0,0.330322116915531,0.330322116915531,0.990966350746594,3.96386540298638,13.2128846766213
18,NaiveAggressiveSpinLock,8192,0,0.330322116915531,0.660644233831063,1.98193270149319,4.95483175373297,19.1586827811008
19,NaiveAggressiveSpinLock,32,0,0.330322116915531,0.660644233831063,1.32128846766213,4.62450963681744,11.2309519751281
19,NaiveAggressiveSpinLock,128,0,0.330322116915531,0.660644233831063,1.32128846766213,4.95483175373297,13.2128846766213
19,NaiveAggressiveSpinLock,512,0,0.330322116915531,0.660644233831063,1.32128846766213,4.62450963681744,12.8825625597057
19,NaiveAggressiveSpinLock,2048,0,0.330322116915531,0.660644233831063,1.32128846766213,4.62450963681744,12.5522404427902
19,NaiveAggressiveSpinLock,8192,0,0.330322116915531,0.660644233831063,1.65161058457766,4.95483175373297,18.4980385472698
20,NaiveAggressiveSpinLock,32,0,0.330322116915531,0.660644233831063,1.65161058457766,4.95483175373297,10.9006298582125
20,NaiveAggressiveSpinLock,128,0,0.330322116915531,0.660644233831063,1.98193270149319,5.2851538706485,16.5161058457766
20,NaiveAggressiveSpinLock,512,0,0.330322116915531,0.660644233831063,1.65161058457766,5.2851538706485,11.5612740920436
20,NaiveAggressiveSpinLock,2048,0,0.330322116915531,0.660644233831063,1.65161058457766,5.2851538706485,12.5522404427902
20,NaiveAggressiveSpinLock,8192,0,0.330322116915531,0.660644233831063,1.98193270149319,5.2851538706485,112.970163985112
1,NaiveTestAndTestSpinLock,32,0,0,0,0,0,3.63354328607084
1,NaiveTestAndTestSpinLock,128,0,0,0,0,0,0
1,NaiveTestAndTestSpinLock,512,0,0,0,0,0,0.660644233831063
1,NaiveTestAndTestSpinLock,2048,0,0,0,0,0,0
1,NaiveTestAndTestSpinLock,8192,0,0,0,0,0,0
2,NaiveTestAndTestSpinLock,32,0,0,0,0,0,8.25805292288828
2,NaiveTestAndTestSpinLock,128,0,0,0,0,0,0.660644233831063
2,NaiveTestAndTestSpinLock,512,0,0,0,0,0.330322116915531,9.24901927363488
2,NaiveTestAndTestSpinLock,2048,0,0,0,0,0,3.30322116915531
2,NaiveTestAndTestSpinLock,8192,0,0,0,0,0,0.330322116915531
3,NaiveTestAndTestSpinLock,32,0,0,0,0,0,0.660644233831063
3,NaiveTestAndTestSpinLock,128,0,0,0,0,0,0.660644233831063
3,NaiveTestAndTestSpinLock,512,0,0,0,0,0,0.330322116915531
3,NaiveTestAndTestSpinLock,2048,0,0,0,0,0,8.58837503980381
3,NaiveTestAndTestSpinLock,8192,0,0,0,0,0,8.25805292288828
4,NaiveTestAndTestSpinLock,32,0,0,0,0,0,1.32128846766213
4,NaiveTestAndTestSpinLock,128,0,0,0,0,0,1.32128846766213
4,NaiveTestAndTestSpinLock,512,0,0,0,0,0,6.2761202213951
4,NaiveTestAndTestSpinLock,2048,0,0,0,0.330322116915531,0.330322116915531,1.32128846766213
4,NaiveTestAndTestSpinLock,8192,0,0,0,0,0.330322116915531,12.5522404427902
5,NaiveTestAndTestSpinLock,32,0,0,0,0,0,1.32128846766213
5,NaiveTestAndTestSpinLock,128,0,0,0,0,0.330322116915531,0.990966350746594
5,NaiveTestAndTestSpinLock,512,0,0,0,0,0,1.32128846766213
5,NaiveTestAndTestSpinLock,2048,0,0,0,0.330322116915531,0.330322116915531,4.62450963681744
5,NaiveTestAndTestSpinLock,8192,0,0,0,0.330322116915531,0.330322116915531,13.8735289104523
6,NaiveTestAndTestSpinLock,32,0,0,0,0,0.330322116915531,1.65161058457766
6,NaiveTestAndTestSpinLock,128,0,0,0,0,0.330322116915531,1.32128846766213
6,NaiveTestAndTestSpinLock,512,0,0,0,0,0,9.57934139055041
6,NaiveTestAndTestSpinLock,2048,0,0,0,0.330322116915531,0.330322116915531,2.97289905223978
6,NaiveTestAndTestSpinLock,8192,0,0,0,0,0.330322116915531,8.58837503980381
7,NaiveTestAndTestSpinLock,32,0,0,0,0,0.330322116915531,0.660644233831063
7,NaiveTestAndTestSpinLock,128,0,0,0,0,0.330322116915531,1.98193270149319
7,NaiveTestAndTestSpinLock,512,0,0,0,0,0,1.65161058457766
7,NaiveTestAndTestSpinLock,2048,0,0,0,0.330322116915531,0.330322116915531,10.2399856243815
7,NaiveTestAndTestSpinLock,8192,0,0,0.330322116915531,0.330322116915531,0.330322116915531,10.9006298582125
8,NaiveTestAndTestSpinLock,32,0,0,0,0,0.330322116915531,0.660644233831063
8,NaiveTestAndTestSpinLock,128,0,0,0,0,0.330322116915531,1.65161058457766
8,NaiveTestAndTestSpinLock,512,0,0,0,0,0,2.31225481840872
8,NaiveTestAndTestSpinLock,2048,0,0,0,0,0.330322116915531,3.30322116915531
8,NaiveTestAndTestSpinLock,8192,0,0,0,0.330322116915531,0.330322116915531,8.58837503980381
9,NaiveTestAndTestSpinLock,32,0,0,0,0,0.330322116915531,1.65161058457766
9,NaiveTestAndTestSpinLock,128,0,0,0,0,0.330322116915531,1.98193270149319
9,NaiveTestAndTestSpinLock,512,0,0,0,0,0,1.65161058457766
9,NaiveTestAndTestSpinLock,2048,0,0,0,0,0.330322116915531,2.64257693532425
9,NaiveTestAndTestSpinLock,8192,0,0,0,0.330322116915531,0.330322116915531,8.58837503980381
10,NaiveTestAndTestSpinLock,32,0,0,0,0,0.330322116915531,2.64257693532425
10,NaiveTestAndTestSpinLock,128,0,0,0,0,0.330322116915531,2.31225481840872
10,NaiveTestAndTestSpinLock,512,0,0,0,0,0.330322116915531,1.65161058457766
10,NaiveTestAndTestSpinLock,2048,0,0,0,0,0.330322116915531,3.63354328607084
10,NaiveTestAndTestSpinLock,8192,0,0,0,0,0.330322116915531,8.25805292288828
11,NaiveTestAndTestSpinLock,32,0,0,0,0,0.330322116915531,1.65161058457766
11,NaiveTestAndTestSpinLock,128,0,0,0,0,0.330322116915531,7.59740868905722
11,NaiveTestAndTestSpinLock,512,0,0,0,0,0.330322116915531,1.32128846766213
11,NaiveTestAndTestSpinLock,2048,0,0,0.330322116915531,0.330322116915531,0.330322116915531,20.8102933656785
11,NaiveTestAndTestSpinLock,8192,0,0,0,0,0.330322116915531,8.58837503980381
12,NaiveTestAndTestSpinLock,32,0,0,0,0,0.330322116915531,1.98193270149319
12,NaiveTestAndTestSpinLock,128,0,0,0,0,0.660644233831063,1.98193270149319
12,NaiveTestAndTestSpinLock,512,0,0,0,0,0.330322116915531,2.31225481840872
12,NaiveTestAndTestSpinLock,2048,0,0,0,0,0.330322116915531,4.62450963681744
12,NaiveTestAndTestSpinLock,8192,0,0,0,0,0.330322116915531,8.58837503980381
13,NaiveTestAndTestSpinLock,32,0,0,0,0,0.660644233831063,1.98193270149319
13,NaiveTestAndTestSpinLock,128,0,0,0,0,0.660644233831063,2.64257693532425
13,NaiveTestAndTestSpinLock,512,0,0,0,0,0.330322116915531,1.98193270149319
13,NaiveTestAndTestSpinLock,2048,0,0,0,0,0.330322116915531,2.97289905223978
13,NaiveTestAndTestSpinLock,8192,0,0,0,0,0,8.91869715671935
14,NaiveTestAndTestSpinLock,32,0,0,0,0,0.660644233831063,2.97289905223978
14,NaiveTestAndTestSpinLock,128,0,0,0,0,0.990966350746594,4.29418751990191
14,NaiveTestAndTestSpinLock,512,0,0,0,0,0.330322116915531,2.31225481840872
14,NaiveTestAndTestSpinLock,2048,0,0,0,0,0.330322116915531,13.2128846766213
14,NaiveTestAndTestSpinLock,8192,0,0,0,0,0.330322116915531,8.25805292288828
15,NaiveTestAndTestSpinLock,32,0,0,0,0,0.990966350746594,2.64257693532425
15,NaiveTestAndTestSpinLock,128,0,0,0,0,0.990966350746594,2.31225481840872
15,NaiveTestAndTestSpinLock,512,0,0,0,0,0.330322116915531,1.98193270149319
15,NaiveTestAndTestSpinLock,2048,0,0,0,0.330322116915531,0.330322116915531,3.30322116915531
15,NaiveTestAndTestSpinLock,8192,0,0,0,0.330322116915531,0.330322116915531,8.91869715671935
16,NaiveTestAndTestSpinLock,32,0,0,0,0.330322116915531,0.990966350746594,2.97289905223978
16,NaiveTestAndTestSpinLock,128,0,0,0,0,1.32128846766213,2.97289905223978
16,NaiveTestAndTestSpinLock,512,0,0,0,0,0.330322116915531,2.64257693532425
16,NaiveTestAndTestSpinLock,2048,0,0,0,0.330322116915531,0.330322116915531,2.64257693532425
16,NaiveTestAndTestSpinLock,8192,0,0,0,0,0.330322116915531,24.1135145348338
17,NaiveTestAndTestSpinLock,32,0,0,0,0.330322116915531,1.32128846766213,2.64257693532425
17,NaiveTestAndTestSpinLock,128,0,0,0,0.330322116915531,1.32128846766213,4.29418751990191
17,NaiveTestAndTestSpinLock,512,0,0,0,0,0.330322116915531,2.97289905223978
17,NaiveTestAndTestSpinLock,2048,0,0,0,0,0.330322116915531,2.64257693532425
17,NaiveTestAndTestSpinLock,8192,0,0,0,0.330322116915531,0.330322116915531,9.24901927363488
18,NaiveTestAndTestSpinLock,32,0,0,0,0.330322116915531,1.32128846766213,2.97289905223978
18,NaiveTestAndTestSpinLock,128,0,0,0,0.330322116915531,1.32128846766213,4.29418751990191
18,NaiveTestAndTestSpinLock,512,0,0,0,0,0.330322116915531,2.31225481840872
18,NaiveTestAndTestSpinLock,2048,0,0,0,0,0.330322116915531,0.990966350746594
18,NaiveTestAndTestSpinLock,8192,0,0,0,0,0.330322116915531,2.31225481840872
19,NaiveTestAndTestSpinLock,32,0,0,0,0,0.330322116915531,1.98193270149319
19,NaiveTestAndTestSpinLock,128,0,0,0,0,0.330322116915531,3.30322116915531
19,NaiveTestAndTestSpinLock,512,0,0,0,0,0.330322116915531,9.57934139055041
19,NaiveTestAndTestSpinLock,2048,0,0,0,0,0.330322116915531,2.97289905223978
19,NaiveTestAndTestSpinLock,8192,0,0,0,0,0.330322116915531,8.58837503980381
20,NaiveTestAndTestSpinLock,32,0,0,0,0,0.330322116915531,3.30322116915531
20,NaiveTestAndTestSpinLock,128,0,0,0,0,0.660644233831063,4.29418751990191
20,NaiveTestAndTestSpinLock,512,0,0,0,0.330322116915531,0.660644233831063,1.98193270149319
20,NaiveTestAndTestSpinLock,2048,0,0,0,0,0.330322116915531,0.990966350746594
20,NaiveTestAndTestSpinLock,8192,0,0,0,0,0.330322116915531,9.24901927363488
1,UnscalableTicketLock,32,0,0,0,0,0,3.96386540298638
1,UnscalableTicketLock,128,0,0,0,0,0,0
1,UnscalableTicketLock,512,0,0,0,0,0,0.330322116915531
1,UnscalableTicketLock,2048,0,0,0,0,0,0.330322116915531
1,UnscalableTicketLock,8192,0,0,0,0,0,0
2,UnscalableTicketLock,32,0,0,0,0,0,4.29418751990191
2,UnscalableTicketLock,128,0,0,0,0,0,14.5341731442834
2,UnscalableTicketLock,512,0,0,0,0,0,10.570307741297
2,UnscalableTicketLock,2048,0,0,0,0,0,0.660644233831063
2,UnscalableTicketLock,8192,0,0,0,0,0,19.8193270149319
3,UnscalableTicketLock,32,0,0,0,0,0,0.990966350746594
3,UnscalableTicketLock,128,0,0,0,0,0,1.65161058457766
3,UnscalableTicketLock,512,0,0,0,0,0,0.330322116915531
3,UnscalableTicketLock,2048,0,0,0,0,2.64257693532425,9.24901927363488
3,UnscalableTicketLock,8192,0,0,0,0,0,22.7922260671717
4,UnscalableTicketLock,32,0,0,0,0,0,1.65161058457766
4,UnscalableTicketLock,128,0,0,0,0,0,0.990966350746594
4,UnscalableTicketLock,512,0,0,0,0.330322116915531,0.660644233831063,11.5612740920436
4,UnscalableTicketLock,2048,0,0,0,0,0.330322116915531,12.2219183258747
4,UnscalableTicketLock,8192,0,0,0,0.330322116915531,0.660644233831063,16.8464279626921
5,UnscalableTicketLock,32,0,0,0,0,0,1.32128846766213
5,UnscalableTicketLock,128,0,0,0,0,0,9.57934139055041
5,UnscalableTicketLock,512,0,0,0,0,0,9.57934139055041
5,UnscalableTicketLock,2048,0,0,0,0,0,13.2128846766213
5,UnscalableTicketLock,8192,0,0,0,0,0,8.25805292288828
6,UnscalableTicketLock,32,0,0,0,0,0,2.64257693532425
6,UnscalableTicketLock,128,0,0,0,0,0,1.32128846766213
6,UnscalableTicketLock,512,0,0,0,0,0.660644233831063,9.57934139055041
6,UnscalableTicketLock,2048,0,0,0,0.330322116915531,0.660644233831063,13.5432067935368
6,UnscalableTicketLock,8192,0,0,0,0.330322116915531,0.330322116915531,11.2309519751281
7,UnscalableTicketLock,32,0,0,0,0,0.330322116915531,1.98193270149319
7,UnscalableTicketLock,128,0,0,0,0,0.330322116915531,10.570307741297
7,UnscalableTicketLock,512,0,0,0,0.330322116915531,0.330322116915531,7.92773080597275
7,UnscalableTicketLock,2048,0,0,0,0.330322116915531,0.330322116915531,14.8644952611989
7,UnscalableTicketLock,8192,0,0,0,0.330322116915531,8.58837503980381,10.2399856243815
8,UnscalableTicketLock,32,0,0,0,0,0.330322116915531,1.32128846766213
8,UnscalableTicketLock,128,0,0,0,0.330322116915531,0.330322116915531,11.5612740920436
8,UnscalableTicketLock,512,0,0,0,0,0.330322116915531,7.59740868905722
8,UnscalableTicketLock,2048,0,0,0,0.330322116915531,0.660644233831063,6.2761202213951
8,UnscalableTicketLock,8192,0,0,0,0,0.330322116915531,8.58837503980381
9,UnscalableTicketLock,32,0,0,0,0,0.330322116915531,2.97289905223978
9,UnscalableTicketLock,128,0,0,0,0.330322116915531,0.330322116915531,8.91869715671935
9,UnscalableTicketLock,512,0,0,0,0.330322116915531,0.330322116915531,5.61547598756403
9,UnscalableTicketLock,2048,0,0,0,0.330322116915531,2.64257693532425,9.57934139055041
9,UnscalableTicketLock,8192,0,0,0,0.330322116915531,0.660644233831063,9.24901927363488
10,UnscalableTicketLock,32,0,0,0.330322116915531,0.330322116915531,0.660644233831063,13.5432067935368
10,UnscalableTicketLock,128,0,0,0.330322116915531,0.330322116915531,0.660644233831063,11.5612740920436
10,UnscalableTicketLock,512,0,0,0,0.330322116915531,0.660644233831063,8.25805292288828
10,UnscalableTicketLock,2048,0,0,0,0.330322116915531,2.64257693532425,10.2399856243815
10,UnscalableTicketLock,8192,0,0,0.330322116915531,0.330322116915531,8.58837503980381,14.8644952611989
11,UnscalableTicketLock,32,0,0,0.330322116915531,0.330322116915531,0.660644233831063,9.57934139055041
11,UnscalableTicketLock,128,0,0,0.330322116915531,0.330322116915531,0.660644233831063,7.59740868905722
11,UnscalableTicketLock,512,0,0,0,0.330322116915531,0.330322116915531,8.91869715671935
11,UnscalableTicketLock,2048,0,0,0,0.330322116915531,2.64257693532425,7.92773080597275
11,UnscalableTicketLock,8192,0,0,0.330322116915531,0.330322116915531,8.58837503980381,11.5612740920436
12,UnscalableTicketLock,32,0,0,0.330322116915531,0.330322116915531,0.660644233831063,9.90966350746594
12,UnscalableTicketLock,128,0,0,0.330322116915531,0.330322116915531,0.660644233831063,8.91869715671935
12,UnscalableTicketLock,512,0,0,0.330322116915531,0.330322116915531,0.660644233831063,7.26708657214169
12,UnscalableTicketLock,2048,0,0,0.330322116915531,0.330322116915531,2.64257693532425,5.2851538706485
12,UnscalableTicketLock,8192,0,0,0,0.330322116915531,8.58837503980381,11.8915962089591
13,UnscalableTicketLock,32,0,0,0.330322116915531,0.330322116915531,0.660644233831063,1.65161058457766
13,UnscalableTicketLock,128,0,0,0.330322116915531,0.330322116915531,0.660644233831063,12.5522404427902
13,UnscalableTicketLock,512,0,0,0.330322116915531,0.330322116915531,0.990966350746594,16.8464279626921
13,UnscalableTicketLock,2048,0,0,0.330322116915531,0.330322116915531,2.64257693532425,5.2851538706485
13,UnscalableTicketLock,8192,0,0,0.330322116915531,0.330322116915531,8.58837503980381,25.4348030024959
14,UnscalableTicketLock,32,0,0,0.330322116915531,0.330322116915531,0.660644233831063,2.97289905223978
14,UnscalableTicketLock,128,0,0,0.330322116915531,0.330322116915531,0.660644233831063,7.26708657214169
14,UnscalableTicketLock,512,0,0,0.330322116915531,0.330322116915531,0.660644233831063,15.1948173781144
14,UnscalableTicketLock,2048,0,0,0.330322116915531,0.330322116915531,0.660644233831063,3.96386540298638
14,UnscalableTicketLock,8192,0,0,0.330322116915531,0.330322116915531,8.58837503980381,9.24901927363488
15,UnscalableTicketLock,32,0,0,0.330322116915531,0.330322116915531,0.660644233831063,9.24901927363488
15,UnscalableTicketLock,128,0,0,0.330322116915531,0.330322116915531,0.660644233831063,10.9006298582125
15,UnscalableTicketLock,512,0,0,0.330322116915531,0.330322116915531,0.990966350746594,15.52513949503
15,UnscalableTicketLock,2048,0,0,0.330322116915531,0.330322116915531,2.64257693532425,3.30322116915531
15,UnscalableTicketLock,8192,0,0,0.330322116915531,0.330322116915531,8.58837503980381,11.2309519751281
16,UnscalableTicketLock,32,0,0,0.330322116915531,0.330322116915531,0.660644233831063,10.570307741297
16,UnscalableTicketLock,128,0,0,0.330322116915531,0.330322116915531,0.660644233831063,7.59740868905722
16,UnscalableTicketLock,512,0,0,0.330322116915531,0.330322116915531,0.990966350746594,28.7380241716512
16,UnscalableTicketLock,2048,0,0,0.330322116915531,0.330322116915531,2.64257693532425,7.59740868905722
16,UnscalableTicketLock,8192,0,0,0.330322116915531,0.330322116915531,8.58837503980381,9.24901927363488
17,UnscalableTicketLock,32,0,0,0.330322116915531,0.330322116915531,0.660644233831063,9.90966350746594
17,UnscalableTicketLock,128,0,0,0.330322116915531,0.330322116915531,0.660644233831063,13.5432067935368
17,UnscalableTicketLock,512,0,0,0.330322116915531,0.330322116915531,0.990966350746594,11.2309519751281
17,UnscalableTicketLock,2048,0,0,0.330322116915531,0.330322116915531,0.660644233831063,6.2761202213951
17,UnscalableTicketLock,8192,0,0,0.330322116915531,0.330322116915531,8.58837503980381,12.5522404427902
18,UnscalableTicketLock,32,0,0,0.330322116915531,0.330322116915531,0.660644233831063,12.5522404427902
18,UnscalableTicketLock,128,0,0,0.330322116915531,0.330322116915531,0.660644233831063,14.5341731442834
18,UnscalableTicketLock,512,0,0,0.330322116915531,0.330322116915531,1.32128846766213,4.29418751990191
18,UnscalableTicketLock,2048,0,0,0.330322116915531,0.330322116915531,0.660644233831063,10.2399856243815
18,UnscalableTicketLock,8192,0,0,0.330322116915531,0.330322116915531,8.58837503980381,9.24901927363488
19,UnscalableTicketLock,32,0,0,0.330322116915531,0.330322116915531,0.660644233831063,9.24901927363488
19,UnscalableTicketLock,128,0,0.330322116915531,0.330322116915531,0.330322116915531,0.660644233831063,13.5432067935368
19,UnscalableTicketLock,512,0,0,0.330322116915531,0.330322116915531,1.32128846766213,11.2309519751281
19,UnscalableTicketLock,2048,0,0,0.330322116915531,0.330322116915531,2.64257693532425,164.83073634085
19,UnscalableTicketLock,8192,0,0,0.330322116915531,0.330322116915531,8.58837503980381,12.8825625597057
20,UnscalableTicketLock,32,0,0,0.330322116915531,0.330322116915531,0.660644233831063,295.638294639401
20,UnscalableTicketLock,128,0,0,0.330322116915531,0.330322116915531,0.660644233831063,122.219183258747
20,UnscalableTicketLock,512,0,0,0.330322116915531,0.330322116915531,1.32128846766213,298.280871574725
20,UnscalableTicketLock,2048,0,0,0.330322116915531,0.330322116915531,2.64257693532425,1954.18564367228
20,UnscalableTicketLock,8192,0,0,0.330322116915531,0.330322116915531,8.58837503980381,337.919525604589
1,KernelLock,32,0,0,0,0,0,3.63354328607084
1,KernelLock,128,0,0,0,0,0,0
1,KernelLock,512,0,0,0,0,0,0
1,KernelLock,2048,0,0,0,0,0,0.330322116915531
1,KernelLock,8192,0,0,0,0,0,0.660644233831063
2,KernelLock,32,0,0,0,0,0,414.884578845907
2,KernelLock,128,0,0,0,0,0,472.36062718921
2,KernelLock,512,0,0,0,0,0,63.7521685646975
2,KernelLock,2048,0,0,0,0,0,838.687854848534
2,KernelLock,8192,0,0,0,0,0,23.1225481840872
3,KernelLock,32,0,0,0,0,0,616.050748047466
3,KernelLock,128,0,0,0,0,0,995.921182500327
3,KernelLock,512,0,0,0,0,0,1022.67727397049
3,KernelLock,2048,0,0,0,0,0,545.692137144458
3,KernelLock,8192,0,0,0,0,0,961.898004458027
4,KernelLock,32,0,0,0,0,0,367.648516126986
4,KernelLock,128,0,0,0,0,0,126.183048661733
4,KernelLock,512,0,0,0,0,0,1011.77664411227
4,KernelLock,2048,0,0,0,0,0,1014.08889893068
4,KernelLock,8192,0,0,0,0,0,746.858306346016
5,KernelLock,32,0,0,0,0,0,570.796618030038
5,KernelLock,128,0,0,0,0,0,1364.56066497806
5,KernelLock,512,0,0,0,0,0,479.297391644436
5,KernelLock,2048,0,0,0,0,0,333.625338084687
5,KernelLock,8192,0,0,0,0,0,92.1598706194332
6,KernelLock,32,0,0,0,0,0,958.264461171956
6,KernelLock,128,0,0,0,0,0,1009.46438929386
6,KernelLock,512,0,0,0,0,0,210.415188475193
6,KernelLock,2048,0,0,0,0,0,777.908585336076
6,KernelLock,8192,0,0,0,0,0,548.995358313613
7,KernelLock,32,0,0,0,0,0,538.755372689232
7,KernelLock,128,0,0,0,0,0,353.114342982703
7,KernelLock,512,0,0,0,0,0,302.905381211542
7,KernelLock,2048,0,0,0,0,0,330.982761149362
7,KernelLock,8192,0,0,0,0,0,1148.5300005153
8,KernelLock,32,0,0,0,0,0,200.175202850812
8,KernelLock,128,0,0,0,0,0,364.014972840916
8,KernelLock,512,0,0,0,0,0,467.075473318561
8,KernelLock,2048,0,0,0,0,0,761.3924794903
8,KernelLock,8192,0,0,0,0,0,190.926183577177
9,KernelLock,32,0,0,0,0,0,672.535830040022
9,KernelLock,128,0,0,0,0,0,1115.49778882375
9,KernelLock,512,0,0,0,0,0,504.071550413101
9,KernelLock,2048,0,0,0,0,0,385.15558832351
9,KernelLock,8192,0,0,0,0,0,1138.62033700784
10,KernelLock,32,0,0,0,0,0,940.427066858518
10,KernelLock,128,0,0,0,0,0,693.3461234057
10,KernelLock,512,0,0,0,0,0,311.163434134431
10,KernelLock,2048,0,0,0,0,0,474.012237773787
10,KernelLock,8192,0,0,0,0,0,497.134785957875
11,KernelLock,32,0,0,0,0,0,218.342919281166
11,KernelLock,128,0,0,0,0,0,905.743244582387
11,KernelLock,512,0,0,0,0,0,815.565306664447
11,KernelLock,2048,0,0,0,0,0,744.876373644523
11,KernelLock,8192,0,0,0,0,0.330322116915531,103.060500477646
12,KernelLock,32,0,0,0,0,0,283.08605419661
12,KernelLock,128,0,0,0,0,0,468.066439669308
12,KernelLock,512,0,0,0,0,0,511.008314868327
12,KernelLock,2048,0,0,0,0,0,643.797805868371
12,KernelLock,8192,0,0,0,0,0.330322116915531,1131.02292831878
13,KernelLock,32,0,0,0,0,0,457.165809811095
13,KernelLock,128,0,0,0,0,0,153.599784365722
13,KernelLock,512,0,0,0,0,0,643.797805868371
13,KernelLock,2048,0,0,0,0,0,429.088429873275
13,KernelLock,8192,0,0,0,0,0.330322116915531,987.663129577439
14,KernelLock,32,0,0,0,0,0,927.214182181896
14,KernelLock,128,0,0,0,0,0,1324.59168883128
14,KernelLock,512,0,0,0,0,0,361.042073788676
14,KernelLock,2048,0,0,0,0,0,952.318663067477
14,KernelLock,8192,0,0,0,0,0.330322116915531,1348.70520336611
15,KernelLock,32,0,0,0,0,0,541.728271741471
15,KernelLock,128,0,0,0,0,0,940.757388975433
15,KernelLock,512,0,0,0,0,0,1376.45226118702
15,KernelLock,2048,0,0,0,0,0.330322116915531,353.774987216534
15,KernelLock,8192,0,0,0,0,0.330322116915531,472.690949306125
16,KernelLock,32,0,0,0,0,0,1143.24484664465
16,KernelLock,128,0,0,0,0,0,1252.58146734369
16,KernelLock,512,0,0,0,0,0,873.70199924158
16,KernelLock,2048,0,0,0,0,0.330322116915531,576.081771900687
16,KernelLock,8192,0,0,0,0,0.330322116915531,1284.95303480142
17,KernelLock,32,0,0,0,0,0,1192.79316418198
17,KernelLock,128,0,0,0,0,0,301.253770626965
17,KernelLock,512,0,0,0,0,0,250.053842505057
17,KernelLock,2048,0,0,0,0,0.330322116915531,993.608927681918
17,KernelLock,8192,0,0,0,0,0.330322116915531,622.657190385777
18,KernelLock,32,0,0,0,0,0,395.395573947891
18,KernelLock,128,0,0,0,0,0,166.812669042343
18,KernelLock,512,0,0,0,0,0,1352.33874665219
18,KernelLock,2048,0,0,0,0,0.330322116915531,365.666583425493
18,KernelLock,8192,0,0,0,0,0.330322116915531,1208.64862579393
19,KernelLock,32,0,0,0,0,0,694.997733990278
19,KernelLock,128,0,0,0,0,0,907.72517728388
19,KernelLock,512,0,0,0,0,0,803.343388338572
19,KernelLock,2048,0,0,0,0,0.330322116915531,1030.93532689337
19,KernelLock,8192,0,0,0,0,0.330322116915531,436.355516445417
20,KernelLock,32,0,0,0,0,0,464.763218500153
20,KernelLock,128,0,0,0,0,0,638.842974114638
20,KernelLock,512,0,0,0,0,0,1267.77628472181
20,KernelLock,2048,0,0,0,0,0.330322116915531,362.693684373253
20,KernelLock,8192,0,0,0,0,0.330322116915531,948.354797664491
